model,layer,pii_type,selected_feat,random_feat,rand_seed_idx,cosine_sim_sel_rand,sel_decoder_norm,rand_decoder_norm
gemma_2_9b,20,name,20385,18321,0,0.007459,1.0,1.0
gemma_2_9b,20,name,20385,6693,1,-0.003271,1.0,1.0
gemma_2_9b,20,name,20385,7359,2,0.004446,1.0,1.0
llama3_1_8b_instruct,16,name,32619,15937,0,0.023124,1.0,1.0
llama3_1_8b_instruct,16,name,32619,16528,1,-0.014284,1.0,1.0
llama3_1_8b_instruct,16,name,32619,9047,2,-0.001341,1.0,1.0
qwen3_8b,18,name,540,9323,0,0.007613,1.0,1.0
qwen3_8b,18,name,540,27390,1,-0.007582,1.0,1.0
qwen3_8b,18,name,540,12022,2,-0.00094,1.0,1.0
gemma_2_9b,9,name,5559,1441,0,0.020699,1.0,1.0
gemma_2_9b,9,name,5559,3613,1,0.110312,1.0,1.0
gemma_2_9b,9,name,5559,6917,2,0.0417,1.0,1.0
gemma_2_9b,9,name,5559,5192,3,-0.025444,1.0,1.0
gemma_2_9b,9,name,5559,2328,4,-0.036794,1.0,1.0
gemma_2_9b,9,name,5559,10680,5,0.319073,1.0,1.0
gemma_2_9b,9,name,5559,19148,6,0.019778,1.0,1.0
gemma_2_9b,9,name,5559,10284,7,0.132564,1.0,1.0
gemma_2_9b,9,name,5559,2174,8,0.145388,1.0,1.0
gemma_2_9b,9,name,5559,20846,9,0.148526,1.0,1.0
gemma_2_9b,9,name,5559,10338,10,0.034298,1.0,1.0
gemma_2_9b,9,name,5559,24720,11,-0.025583,1.0,1.0
gemma_2_9b,9,name,5559,27077,12,0.075953,1.0,1.0
gemma_2_9b,9,name,5559,27582,13,-0.15548,1.0,1.0
gemma_2_9b,9,name,5559,1480,14,0.101763,1.0,1.0
gemma_2_9b,9,name,5559,180,15,0.0165,1.0,1.0
gemma_2_9b,9,name,5559,15364,16,-0.025951,1.0,1.0
gemma_2_9b,9,name,5559,13428,17,0.090831,1.0,1.0
gemma_2_9b,9,name,5559,21115,18,0.2493,1.0,1.0
gemma_2_9b,9,name,5559,7491,19,0.036567,1.0,1.0
gemma_2_9b,9,id,5559,13414,0,0.037232,1.0,1.0
gemma_2_9b,9,id,5559,20860,1,0.034402,1.0,1.0
gemma_2_9b,9,id,5559,21292,2,0.004297,1.0,1.0
gemma_2_9b,9,id,5559,18830,3,0.228078,1.0,1.0
gemma_2_9b,9,id,5559,358,4,0.195962,1.0,1.0
gemma_2_9b,9,id,5559,21999,5,0.087418,1.0,1.0
gemma_2_9b,9,id,5559,1209,6,0.052918,1.0,1.0
gemma_2_9b,9,id,5559,6568,7,0.095097,1.0,1.0
gemma_2_9b,9,id,5559,14319,8,-0.030593,1.0,1.0
gemma_2_9b,9,id,5559,24835,9,0.03917,1.0,1.0
gemma_2_9b,9,id,5559,27514,10,0.053892,1.0,1.0
gemma_2_9b,9,id,5559,24685,11,0.025079,1.0,1.0
gemma_2_9b,9,id,5559,1827,12,-0.016959,1.0,1.0
gemma_2_9b,9,id,5559,24956,13,0.016281,1.0,1.0
gemma_2_9b,9,id,5559,914,14,-0.040631,1.0,1.0
gemma_2_9b,9,id,5559,12358,15,0.046444,1.0,1.0
gemma_2_9b,9,id,5559,12911,16,0.055149,1.0,1.0
gemma_2_9b,9,id,5559,20464,17,0.393145,1.0,1.0
gemma_2_9b,9,id,5559,790,18,0.039543,1.0,1.0
gemma_2_9b,9,id,5559,11485,19,0.042422,1.0,1.0
gemma_2_9b,9,phone,4648,7166,0,0.105174,1.0,1.0
gemma_2_9b,9,phone,4648,6981,1,0.059687,1.0,1.0
gemma_2_9b,9,phone,4648,18647,2,0.018796,1.0,1.0
gemma_2_9b,9,phone,4648,25391,3,-0.002293,1.0,1.0
gemma_2_9b,9,phone,4648,12297,4,0.145955,1.0,1.0
gemma_2_9b,9,phone,4648,3806,5,0.006685,1.0,1.0
gemma_2_9b,9,phone,4648,14791,6,0.247816,1.0,1.0
gemma_2_9b,9,phone,4648,8098,7,0.050883,1.0,1.0
gemma_2_9b,9,phone,4648,9177,8,0.016545,1.0,1.0
gemma_2_9b,9,phone,4648,14037,9,0.01892,1.0,1.0
gemma_2_9b,9,phone,4648,4242,10,-0.021086,1.0,1.0
gemma_2_9b,9,phone,4648,18069,11,0.027182,1.0,1.0
gemma_2_9b,9,phone,4648,11642,12,0.044269,1.0,1.0
gemma_2_9b,9,phone,4648,21055,13,0.033935,1.0,1.0
gemma_2_9b,9,phone,4648,5922,14,0.084882,1.0,1.0
gemma_2_9b,9,phone,4648,21168,15,0.045687,1.0,1.0
gemma_2_9b,9,phone,4648,22455,16,0.086949,1.0,1.0
gemma_2_9b,9,phone,4648,16398,17,0.055805,1.0,1.0
gemma_2_9b,9,phone,4648,17141,18,0.035084,1.0,1.0
gemma_2_9b,9,phone,4648,25861,19,0.02806,1.0,1.0
gemma_2_9b,9,email,11893,15649,0,0.081514,1.0,1.0
gemma_2_9b,9,email,11893,20486,1,0.027087,1.0,1.0
gemma_2_9b,9,email,11893,23966,2,0.064918,1.0,1.0
gemma_2_9b,9,email,11893,2148,3,-0.02233,1.0,1.0
gemma_2_9b,9,email,11893,16707,4,0.030141,1.0,1.0
gemma_2_9b,9,email,11893,27014,5,-0.092078,1.0,1.0
gemma_2_9b,9,email,11893,26844,6,0.152111,1.0,1.0
gemma_2_9b,9,email,11893,28517,7,0.023566,1.0,1.0
gemma_2_9b,9,email,11893,20661,8,0.190063,1.0,1.0
gemma_2_9b,9,email,11893,21075,9,0.055439,1.0,1.0
gemma_2_9b,9,email,11893,20521,10,0.010268,1.0,1.0
gemma_2_9b,9,email,11893,23359,11,-0.019502,1.0,1.0
gemma_2_9b,9,email,11893,25426,12,0.065874,1.0,1.0
gemma_2_9b,9,email,11893,2653,13,-0.022083,1.0,1.0
gemma_2_9b,9,email,11893,23975,14,0.066289,1.0,1.0
gemma_2_9b,9,email,11893,16827,15,0.086013,1.0,1.0
gemma_2_9b,9,email,11893,7419,16,-0.019745,1.0,1.0
gemma_2_9b,9,email,11893,8611,17,0.004672,1.0,1.0
gemma_2_9b,9,email,11893,586,18,-0.024359,1.0,1.0
gemma_2_9b,9,email,11893,8571,19,0.058292,1.0,1.0
gemma_2_9b,20,name,20385,830,0,-0.006393,1.0,1.0
gemma_2_9b,20,name,20385,23287,1,-0.004192,1.0,1.0
gemma_2_9b,20,name,20385,7998,2,-0.000948,1.0,1.0
gemma_2_9b,20,name,20385,750,3,-0.004759,1.0,1.0
gemma_2_9b,20,name,20385,26632,4,0.002392,1.0,1.0
gemma_2_9b,20,name,20385,15302,5,0.009067,1.0,1.0
gemma_2_9b,20,name,20385,20876,6,0.008367,1.0,1.0
gemma_2_9b,20,name,20385,8530,7,-0.003807,1.0,1.0
gemma_2_9b,20,name,20385,28157,8,-0.002232,1.0,1.0
gemma_2_9b,20,name,20385,22434,9,0.003698,1.0,1.0
gemma_2_9b,20,name,20385,20569,10,0.010833,1.0,1.0
gemma_2_9b,20,name,20385,21529,11,0.001276,1.0,1.0
gemma_2_9b,20,name,20385,17337,12,-0.002013,1.0,1.0
gemma_2_9b,20,name,20385,23452,13,-0.008288,1.0,1.0
gemma_2_9b,20,name,20385,28401,14,0.000605,1.0,1.0
gemma_2_9b,20,name,20385,24909,15,0.000171,1.0,1.0
gemma_2_9b,20,name,20385,6097,16,-0.002358,1.0,1.0
gemma_2_9b,20,name,20385,5144,17,-0.001422,1.0,1.0
gemma_2_9b,20,name,20385,7470,18,0.001342,1.0,1.0
gemma_2_9b,20,name,20385,417,19,0.000945,1.0,1.0
gemma_2_9b,20,id,20385,12103,0,-0.007111,1.0,1.0
gemma_2_9b,20,id,20385,8236,1,-0.005667,1.0,1.0
gemma_2_9b,20,id,20385,6264,2,0.044609,1.0,1.0
gemma_2_9b,20,id,20385,21598,3,-0.004369,1.0,1.0
gemma_2_9b,20,id,20385,18797,4,-0.005431,1.0,1.0
gemma_2_9b,20,id,20385,9844,5,0.001585,1.0,1.0
gemma_2_9b,20,id,20385,6630,6,0.013155,1.0,1.0
gemma_2_9b,20,id,20385,12929,7,0.002723,1.0,1.0
gemma_2_9b,20,id,20385,6542,8,0.005448,1.0,1.0
gemma_2_9b,20,id,20385,14020,9,-0.001084,1.0,1.0
gemma_2_9b,20,id,20385,20366,10,0.014549,1.0,1.0
gemma_2_9b,20,id,20385,3753,11,0.00018,1.0,1.0
gemma_2_9b,20,id,20385,17883,12,0.002216,1.0,1.0
gemma_2_9b,20,id,20385,10015,13,0.011353,1.0,1.0
gemma_2_9b,20,id,20385,24637,14,-0.003469,1.0,1.0
gemma_2_9b,20,id,20385,26912,15,0.000603,1.0,1.0
gemma_2_9b,20,id,20385,25864,16,-0.000484,1.0,1.0
gemma_2_9b,20,id,20385,244,17,-0.002962,1.0,1.0
gemma_2_9b,20,id,20385,28318,18,0.000301,1.0,1.0
gemma_2_9b,20,id,20385,6133,19,-0.004662,1.0,1.0
gemma_2_9b,20,phone,20385,3238,0,-0.006059,1.0,1.0
gemma_2_9b,20,phone,20385,4179,1,-0.003756,1.0,1.0
gemma_2_9b,20,phone,20385,14822,2,0.004727,1.0,1.0
gemma_2_9b,20,phone,20385,13144,3,0.005043,1.0,1.0
gemma_2_9b,20,phone,20385,27157,4,0.0011,1.0,1.0
gemma_2_9b,20,phone,20385,15125,5,-0.002436,1.0,1.0
gemma_2_9b,20,phone,20385,15134,6,-0.000469,1.0,1.0
gemma_2_9b,20,phone,20385,1317,7,-0.005262,1.0,1.0
gemma_2_9b,20,phone,20385,6700,8,0.00548,1.0,1.0
gemma_2_9b,20,phone,20385,22364,9,-0.000236,1.0,1.0
gemma_2_9b,20,phone,20385,27512,10,-0.002933,1.0,1.0
gemma_2_9b,20,phone,20385,743,11,-0.002509,1.0,1.0
gemma_2_9b,20,phone,20385,16589,12,-0.000863,1.0,1.0
gemma_2_9b,20,phone,20385,18312,13,0.006874,1.0,1.0
gemma_2_9b,20,phone,20385,19154,14,0.006105,1.0,1.0
gemma_2_9b,20,phone,20385,25152,15,-0.007694,1.0,1.0
gemma_2_9b,20,phone,20385,24808,16,-0.000956,1.0,1.0
gemma_2_9b,20,phone,20385,19335,17,-0.001698,1.0,1.0
gemma_2_9b,20,phone,20385,7197,18,0.002334,1.0,1.0
gemma_2_9b,20,phone,20385,19732,19,0.013358,1.0,1.0
gemma_2_9b,20,email,20385,15208,0,0.008501,1.0,1.0
gemma_2_9b,20,email,20385,3411,1,-0.009794,1.0,1.0
gemma_2_9b,20,email,20385,12513,2,-0.000383,1.0,1.0
gemma_2_9b,20,email,20385,6624,3,-0.000186,1.0,1.0
gemma_2_9b,20,email,20385,1739,4,-0.002478,1.0,1.0
gemma_2_9b,20,email,20385,13017,5,0.001105,1.0,1.0
gemma_2_9b,20,email,20385,9207,6,0.006463,1.0,1.0
gemma_2_9b,20,email,20385,24807,7,0.004621,1.0,1.0
gemma_2_9b,20,email,20385,7619,8,-0.002477,1.0,1.0
gemma_2_9b,20,email,20385,18202,9,0.006293,1.0,1.0
gemma_2_9b,20,email,20385,20479,10,-0.004225,1.0,1.0
gemma_2_9b,20,email,20385,22994,11,0.000876,1.0,1.0
gemma_2_9b,20,email,20385,22646,12,-0.011417,1.0,1.0
gemma_2_9b,20,email,20385,9471,13,0.004042,1.0,1.0
gemma_2_9b,20,email,20385,18175,14,-0.002079,1.0,1.0
gemma_2_9b,20,email,20385,23746,15,0.00073,1.0,1.0
gemma_2_9b,20,email,20385,1707,16,0.00229,1.0,1.0
gemma_2_9b,20,email,20385,23223,17,0.001662,1.0,1.0
gemma_2_9b,20,email,20385,6263,18,-0.000409,1.0,1.0
gemma_2_9b,20,email,20385,26040,19,-0.001544,1.0,1.0
gemma_2_9b,31,name,2807,16482,0,0.070652,1.0,1.0
gemma_2_9b,31,name,2807,10985,1,-0.024673,1.0,1.0
gemma_2_9b,31,name,2807,435,2,0.040214,1.0,1.0
gemma_2_9b,31,name,2807,984,3,-0.015741,1.0,1.0
gemma_2_9b,31,name,2807,18311,4,-0.004151,1.0,1.0
gemma_2_9b,31,name,2807,11312,5,0.003035,1.0,1.0
gemma_2_9b,31,name,2807,5072,6,-0.042181,1.0,1.0
gemma_2_9b,31,name,2807,31,7,0.076363,1.0,1.0
gemma_2_9b,31,name,2807,5411,8,0.022622,1.0,1.0
gemma_2_9b,31,name,2807,3411,9,0.016795,1.0,1.0
gemma_2_9b,31,name,2807,15532,10,0.098792,1.0,1.0
gemma_2_9b,31,name,2807,8335,11,0.042394,1.0,1.0
gemma_2_9b,31,name,2807,18853,12,0.133156,1.0,1.0
gemma_2_9b,31,name,2807,22216,13,0.004736,1.0,1.0
gemma_2_9b,31,name,2807,13900,14,0.070022,1.0,1.0
gemma_2_9b,31,name,2807,18227,15,-0.005489,1.0,1.0
gemma_2_9b,31,name,2807,11278,16,0.095093,1.0,1.0
gemma_2_9b,31,name,2807,24272,17,0.064014,1.0,1.0
gemma_2_9b,31,name,2807,2035,18,0.050927,1.0,1.0
gemma_2_9b,31,name,2807,9964,19,0.131002,1.0,1.0
gemma_2_9b,31,id,16900,28353,0,0.066183,1.0,1.0
gemma_2_9b,31,id,16900,28231,1,0.097011,1.0,1.0
gemma_2_9b,31,id,16900,28424,2,0.018682,1.0,1.0
gemma_2_9b,31,id,16900,4001,3,-0.011908,1.0,1.0
gemma_2_9b,31,id,16900,10241,4,0.059218,1.0,1.0
gemma_2_9b,31,id,16900,1729,5,0.032316,1.0,1.0
gemma_2_9b,31,id,16900,24409,6,0.019039,1.0,1.0
gemma_2_9b,31,id,16900,14462,7,0.002998,1.0,1.0
gemma_2_9b,31,id,16900,13024,8,-0.012219,1.0,1.0
gemma_2_9b,31,id,16900,24309,9,0.001764,1.0,1.0
gemma_2_9b,31,id,16900,13977,10,-0.004435,1.0,1.0
gemma_2_9b,31,id,16900,18544,11,0.022945,1.0,1.0
gemma_2_9b,31,id,16900,15298,12,0.041969,1.0,1.0
gemma_2_9b,31,id,16900,26569,13,0.034493,1.0,1.0
gemma_2_9b,31,id,16900,9919,14,0.004872,1.0,1.0
gemma_2_9b,31,id,16900,9437,15,0.058696,1.0,1.0
gemma_2_9b,31,id,16900,24203,16,0.015863,1.0,1.0
gemma_2_9b,31,id,16900,17600,17,0.033389,1.0,1.0
gemma_2_9b,31,id,16900,8230,18,0.015949,1.0,1.0
gemma_2_9b,31,id,16900,14534,19,0.04036,1.0,1.0
gemma_2_9b,31,phone,2807,8515,0,0.08575,1.0,1.0
gemma_2_9b,31,phone,2807,8597,1,0.162709,1.0,1.0
gemma_2_9b,31,phone,2807,6550,2,0.004665,1.0,1.0
gemma_2_9b,31,phone,2807,14029,3,0.067072,1.0,1.0
gemma_2_9b,31,phone,2807,16360,4,0.305516,1.0,1.0
gemma_2_9b,31,phone,2807,4081,5,0.126578,1.0,1.0
gemma_2_9b,31,phone,2807,23855,6,0.009532,1.0,1.0
gemma_2_9b,31,phone,2807,17591,7,0.124222,1.0,1.0
gemma_2_9b,31,phone,2807,23451,8,0.025079,1.0,1.0
gemma_2_9b,31,phone,2807,25680,9,0.166835,1.0,1.0
gemma_2_9b,31,phone,2807,22819,10,-0.013832,1.0,1.0
gemma_2_9b,31,phone,2807,19727,11,-0.024871,1.0,1.0
gemma_2_9b,31,phone,2807,7314,12,0.137001,1.0,1.0
gemma_2_9b,31,phone,2807,27896,13,0.111225,1.0,1.0
gemma_2_9b,31,phone,2807,3105,14,0.055866,1.0,1.0
gemma_2_9b,31,phone,2807,7244,15,0.045055,1.0,1.0
gemma_2_9b,31,phone,2807,22966,16,0.122843,1.0,1.0
gemma_2_9b,31,phone,2807,9487,17,0.085602,1.0,1.0
gemma_2_9b,31,phone,2807,3299,18,-0.016286,1.0,1.0
gemma_2_9b,31,phone,2807,25643,19,0.134399,1.0,1.0
gemma_2_9b,31,email,2807,17337,0,0.114451,1.0,1.0
gemma_2_9b,31,email,2807,18043,1,0.090184,1.0,1.0
gemma_2_9b,31,email,2807,13942,2,0.081439,1.0,1.0
gemma_2_9b,31,email,2807,12794,3,0.017607,1.0,1.0
gemma_2_9b,31,email,2807,296,4,0.085136,1.0,1.0
gemma_2_9b,31,email,2807,13579,5,0.026988,1.0,1.0
gemma_2_9b,31,email,2807,591,6,-0.001352,1.0,1.0
gemma_2_9b,31,email,2807,23111,7,0.113281,1.0,1.0
gemma_2_9b,31,email,2807,21563,8,0.061111,1.0,1.0
gemma_2_9b,31,email,2807,5726,9,-0.030236,1.0,1.0
gemma_2_9b,31,email,2807,15274,10,0.02791,1.0,1.0
gemma_2_9b,31,email,2807,2867,11,0.023661,1.0,1.0
gemma_2_9b,31,email,2807,10820,12,0.123251,1.0,1.0
gemma_2_9b,31,email,2807,27345,13,0.08582,1.0,1.0
gemma_2_9b,31,email,2807,19931,14,0.113221,1.0,1.0
gemma_2_9b,31,email,2807,19860,15,0.009866,1.0,1.0
gemma_2_9b,31,email,2807,6210,16,0.065507,1.0,1.0
gemma_2_9b,31,email,2807,20803,17,0.160393,1.0,1.0
gemma_2_9b,31,email,2807,5043,18,0.041686,1.0,1.0
gemma_2_9b,31,email,2807,604,19,0.072599,1.0,1.0
llama3_1_8b_instruct,8,name,16363,3221,0,0.041422,1.0,1.0
llama3_1_8b_instruct,8,name,16363,6995,1,0.05634,1.0,1.0
llama3_1_8b_instruct,8,name,16363,28681,2,0.014567,1.0,1.0
llama3_1_8b_instruct,8,name,16363,17316,3,0.034408,1.0,1.0
llama3_1_8b_instruct,8,name,16363,23524,4,0.01914,1.0,1.0
llama3_1_8b_instruct,8,name,16363,25443,5,0.036402,1.0,1.0
llama3_1_8b_instruct,8,name,16363,18756,6,0.035173,1.0,1.0
llama3_1_8b_instruct,8,name,16363,32698,7,0.048978,1.0,1.0
llama3_1_8b_instruct,8,name,16363,20218,8,0.042392,1.0,1.0
llama3_1_8b_instruct,8,name,16363,768,9,0.034573,1.0,1.0
llama3_1_8b_instruct,8,name,16363,27346,10,0.044675,1.0,1.0
llama3_1_8b_instruct,8,name,16363,30207,11,0.038232,1.0,1.0
llama3_1_8b_instruct,8,name,16363,31470,12,0.002776,1.0,1.0
llama3_1_8b_instruct,8,name,16363,32537,13,0.014276,1.0,1.0
llama3_1_8b_instruct,8,name,16363,17819,14,0.030921,1.0,1.0
llama3_1_8b_instruct,8,name,16363,13046,15,0.004218,1.0,1.0
llama3_1_8b_instruct,8,name,16363,17194,16,0.02734,1.0,1.0
llama3_1_8b_instruct,8,name,16363,10191,17,-0.018004,1.0,1.0
llama3_1_8b_instruct,8,name,16363,19708,18,0.004505,1.0,1.0
llama3_1_8b_instruct,8,name,16363,4987,19,0.084097,1.0,1.0
llama3_1_8b_instruct,8,id,16363,26474,0,0.044943,1.0,1.0
llama3_1_8b_instruct,8,id,16363,6965,1,0.025048,1.0,1.0
llama3_1_8b_instruct,8,id,16363,3832,2,0.015083,1.0,1.0
llama3_1_8b_instruct,8,id,16363,8745,3,0.052418,1.0,1.0
llama3_1_8b_instruct,8,id,16363,4125,4,0.005212,1.0,1.0
llama3_1_8b_instruct,8,id,16363,28426,5,0.016162,1.0,1.0
llama3_1_8b_instruct,8,id,16363,10994,6,0.038959,1.0,1.0
llama3_1_8b_instruct,8,id,16363,10224,7,0.064411,1.0,1.0
llama3_1_8b_instruct,8,id,16363,11928,8,0.018129,1.0,1.0
llama3_1_8b_instruct,8,id,16363,5515,9,0.00493,1.0,1.0
llama3_1_8b_instruct,8,id,16363,1720,10,0.012779,1.0,1.0
llama3_1_8b_instruct,8,id,16363,11721,11,0.032851,1.0,1.0
llama3_1_8b_instruct,8,id,16363,25022,12,0.028088,1.0,1.0
llama3_1_8b_instruct,8,id,16363,12783,13,0.039622,1.0,1.0
llama3_1_8b_instruct,8,id,16363,2614,14,0.003807,1.0,1.0
llama3_1_8b_instruct,8,id,16363,10535,15,0.031159,1.0,1.0
llama3_1_8b_instruct,8,id,16363,8455,16,0.035837,1.0,1.0
llama3_1_8b_instruct,8,id,16363,11911,17,0.057539,1.0,1.0
llama3_1_8b_instruct,8,id,16363,6022,18,0.059779,1.0,1.0
llama3_1_8b_instruct,8,id,16363,9521,19,0.029656,1.0,1.0
llama3_1_8b_instruct,8,phone,16363,5236,0,0.032218,1.0,1.0
llama3_1_8b_instruct,8,phone,16363,20404,1,0.017734,1.0,1.0
llama3_1_8b_instruct,8,phone,16363,14237,2,0.008916,1.0,1.0
llama3_1_8b_instruct,8,phone,16363,27670,3,0.064609,1.0,1.0
llama3_1_8b_instruct,8,phone,16363,29744,4,0.008948,1.0,1.0
llama3_1_8b_instruct,8,phone,16363,17842,5,0.023314,1.0,1.0
llama3_1_8b_instruct,8,phone,16363,4539,6,0.003531,1.0,1.0
llama3_1_8b_instruct,8,phone,16363,14008,7,0.018054,1.0,1.0
llama3_1_8b_instruct,8,phone,16363,5739,8,0.023832,1.0,1.0
llama3_1_8b_instruct,8,phone,16363,13831,9,0.020189,1.0,1.0
llama3_1_8b_instruct,8,phone,16363,18916,10,0.022985,1.0,1.0
llama3_1_8b_instruct,8,phone,16363,1198,11,0.021493,1.0,1.0
llama3_1_8b_instruct,8,phone,16363,3272,12,-0.017533,1.0,1.0
llama3_1_8b_instruct,8,phone,16363,26489,13,0.015698,1.0,1.0
llama3_1_8b_instruct,8,phone,16363,24152,14,-0.020439,1.0,1.0
llama3_1_8b_instruct,8,phone,16363,3102,15,0.022519,1.0,1.0
llama3_1_8b_instruct,8,phone,16363,10234,16,0.036225,1.0,1.0
llama3_1_8b_instruct,8,phone,16363,18587,17,0.060841,1.0,1.0
llama3_1_8b_instruct,8,phone,16363,14739,18,0.031965,1.0,1.0
llama3_1_8b_instruct,8,phone,16363,25025,19,0.047299,1.0,1.0
llama3_1_8b_instruct,8,email,16363,25509,0,0.014059,1.0,1.0
llama3_1_8b_instruct,8,email,16363,3409,1,0.006527,1.0,1.0
llama3_1_8b_instruct,8,email,16363,30199,2,0.041488,1.0,1.0
llama3_1_8b_instruct,8,email,16363,31575,3,0.052082,1.0,1.0
llama3_1_8b_instruct,8,email,16363,25402,4,0.062782,1.0,1.0
llama3_1_8b_instruct,8,email,16363,25575,5,0.033774,1.0,1.0
llama3_1_8b_instruct,8,email,16363,3027,6,0.017011,1.0,1.0
llama3_1_8b_instruct,8,email,16363,23568,7,0.024843,1.0,1.0
llama3_1_8b_instruct,8,email,16363,10435,8,0.049924,1.0,1.0
llama3_1_8b_instruct,8,email,16363,7335,9,0.050711,1.0,1.0
llama3_1_8b_instruct,8,email,16363,2318,10,0.051795,1.0,1.0
llama3_1_8b_instruct,8,email,16363,9574,11,-0.006376,1.0,1.0
llama3_1_8b_instruct,8,email,16363,16652,12,0.016051,1.0,1.0
llama3_1_8b_instruct,8,email,16363,17001,13,0.025363,1.0,1.0
llama3_1_8b_instruct,8,email,16363,25718,14,0.025085,1.0,1.0
llama3_1_8b_instruct,8,email,16363,24300,15,0.019938,1.0,1.0
llama3_1_8b_instruct,8,email,16363,19986,16,0.015498,1.0,1.0
llama3_1_8b_instruct,8,email,16363,15993,17,-0.004291,1.0,1.0
llama3_1_8b_instruct,8,email,16363,5885,18,0.012064,1.0,1.0
llama3_1_8b_instruct,8,email,16363,28610,19,0.020167,1.0,1.0
llama3_1_8b_instruct,16,name,32619,21511,0,0.025851,1.0,1.0
llama3_1_8b_instruct,16,name,32619,15007,1,0.023086,1.0,1.0
llama3_1_8b_instruct,16,name,32619,25356,2,0.029132,1.0,1.0
llama3_1_8b_instruct,16,name,32619,27279,3,0.01269,1.0,1.0
llama3_1_8b_instruct,16,name,32619,7077,4,-0.020762,1.0,1.0
llama3_1_8b_instruct,16,name,32619,31250,5,0.018249,1.0,1.0
llama3_1_8b_instruct,16,name,32619,18803,6,0.050084,1.0,1.0
llama3_1_8b_instruct,16,name,32619,341,7,-0.014516,1.0,1.0
llama3_1_8b_instruct,16,name,32619,10830,8,0.018862,1.0,1.0
llama3_1_8b_instruct,16,name,32619,22953,9,-0.017004,1.0,1.0
llama3_1_8b_instruct,16,name,32619,24864,10,-0.001096,1.0,1.0
llama3_1_8b_instruct,16,name,32619,13438,11,0.024023,1.0,1.0
llama3_1_8b_instruct,16,name,32619,28702,12,-0.008158,1.0,1.0
llama3_1_8b_instruct,16,name,32619,31802,13,-0.024536,1.0,1.0
llama3_1_8b_instruct,16,name,32619,25417,14,-0.018851,1.0,1.0
llama3_1_8b_instruct,16,name,32619,24458,15,-0.004908,1.0,1.0
llama3_1_8b_instruct,16,name,32619,26760,16,-0.01464,1.0,1.0
llama3_1_8b_instruct,16,name,32619,24827,17,-0.021401,1.0,1.0
llama3_1_8b_instruct,16,name,32619,25763,18,0.010318,1.0,1.0
llama3_1_8b_instruct,16,name,32619,31070,19,0.006474,1.0,1.0
llama3_1_8b_instruct,16,id,6432,4187,0,0.009925,1.0,1.0
llama3_1_8b_instruct,16,id,6432,28016,1,0.018395,1.0,1.0
llama3_1_8b_instruct,16,id,6432,17350,2,-0.014249,1.0,1.0
llama3_1_8b_instruct,16,id,6432,31260,3,0.09804,1.0,1.0
llama3_1_8b_instruct,16,id,6432,1565,4,0.01131,1.0,1.0
llama3_1_8b_instruct,16,id,6432,2342,5,0.012556,1.0,1.0
llama3_1_8b_instruct,16,id,6432,18670,6,-0.002779,1.0,1.0
llama3_1_8b_instruct,16,id,6432,22976,7,-0.007253,1.0,1.0
llama3_1_8b_instruct,16,id,6432,21623,8,-0.016901,1.0,1.0
llama3_1_8b_instruct,16,id,6432,16431,9,-0.000265,1.0,1.0
llama3_1_8b_instruct,16,id,6432,9,10,-0.009811,1.0,1.0
llama3_1_8b_instruct,16,id,6432,20451,11,-0.041979,1.0,1.0
llama3_1_8b_instruct,16,id,6432,15578,12,0.078559,1.0,1.0
llama3_1_8b_instruct,16,id,6432,9028,13,0.0097,1.0,1.0
llama3_1_8b_instruct,16,id,6432,3968,14,0.209524,1.0,1.0
llama3_1_8b_instruct,16,id,6432,11821,15,0.040154,1.0,1.0
llama3_1_8b_instruct,16,id,6432,5580,16,0.075233,1.0,1.0
llama3_1_8b_instruct,16,id,6432,13628,17,-0.086433,1.0,1.0
llama3_1_8b_instruct,16,id,6432,21300,18,0.099283,1.0,1.0
llama3_1_8b_instruct,16,id,6432,32573,19,0.014375,1.0,1.0
llama3_1_8b_instruct,16,phone,10947,32372,0,0.00111,1.0,1.0
llama3_1_8b_instruct,16,phone,10947,8714,1,-0.002146,1.0,1.0
llama3_1_8b_instruct,16,phone,10947,15487,2,0.01849,1.0,1.0
llama3_1_8b_instruct,16,phone,10947,14628,3,-0.012093,1.0,1.0
llama3_1_8b_instruct,16,phone,10947,32302,4,0.067869,1.0,1.0
llama3_1_8b_instruct,16,phone,10947,15583,5,0.099598,1.0,1.0
llama3_1_8b_instruct,16,phone,10947,19650,6,0.023551,1.0,1.0
llama3_1_8b_instruct,16,phone,10947,17738,7,-0.033084,1.0,1.0
llama3_1_8b_instruct,16,phone,10947,28574,8,0.047145,1.0,1.0
llama3_1_8b_instruct,16,phone,10947,5657,9,-0.007681,1.0,1.0
llama3_1_8b_instruct,16,phone,10947,15076,10,0.048498,1.0,1.0
llama3_1_8b_instruct,16,phone,10947,26069,11,0.01578,1.0,1.0
llama3_1_8b_instruct,16,phone,10947,9585,12,-0.018336,1.0,1.0
llama3_1_8b_instruct,16,phone,10947,24566,13,0.016922,1.0,1.0
llama3_1_8b_instruct,16,phone,10947,31678,14,-0.016263,1.0,1.0
llama3_1_8b_instruct,16,phone,10947,25927,15,0.00156,1.0,1.0
llama3_1_8b_instruct,16,phone,10947,3566,16,-5.6e-05,1.0,1.0
llama3_1_8b_instruct,16,phone,10947,28429,17,0.022141,1.0,1.0
llama3_1_8b_instruct,16,phone,10947,8505,18,-0.007072,1.0,1.0
llama3_1_8b_instruct,16,phone,10947,26266,19,0.032931,1.0,1.0
llama3_1_8b_instruct,16,email,10947,27689,0,0.043422,1.0,1.0
llama3_1_8b_instruct,16,email,10947,7051,1,0.009209,1.0,1.0
llama3_1_8b_instruct,16,email,10947,29023,2,-0.011306,1.0,1.0
llama3_1_8b_instruct,16,email,10947,27489,3,0.198302,1.0,1.0
llama3_1_8b_instruct,16,email,10947,27746,4,0.032564,1.0,1.0
llama3_1_8b_instruct,16,email,10947,14949,5,-0.020278,1.0,1.0
llama3_1_8b_instruct,16,email,10947,28517,6,0.016546,1.0,1.0
llama3_1_8b_instruct,16,email,10947,6650,7,0.048044,1.0,1.0
llama3_1_8b_instruct,16,email,10947,2560,8,0.033882,1.0,1.0
llama3_1_8b_instruct,16,email,10947,26423,9,0.009212,1.0,1.0
llama3_1_8b_instruct,16,email,10947,30780,10,0.034907,1.0,1.0
llama3_1_8b_instruct,16,email,10947,18157,11,0.014719,1.0,1.0
llama3_1_8b_instruct,16,email,10947,8354,12,-0.000371,1.0,1.0
llama3_1_8b_instruct,16,email,10947,20558,13,0.042378,1.0,1.0
llama3_1_8b_instruct,16,email,10947,11930,14,0.033856,1.0,1.0
llama3_1_8b_instruct,16,email,10947,24293,15,0.050863,1.0,1.0
llama3_1_8b_instruct,16,email,10947,14392,16,0.010631,1.0,1.0
llama3_1_8b_instruct,16,email,10947,15425,17,-0.001459,1.0,1.0
llama3_1_8b_instruct,16,email,10947,24618,18,-0.006995,1.0,1.0
llama3_1_8b_instruct,16,email,10947,6619,19,0.02695,1.0,1.0
llama3_1_8b_instruct,24,name,4823,1487,0,-0.021332,1.0,1.0
llama3_1_8b_instruct,24,name,4823,19095,1,0.019293,1.0,1.0
llama3_1_8b_instruct,24,name,4823,3593,2,-0.036091,1.0,1.0
llama3_1_8b_instruct,24,name,4823,31783,3,0.060238,1.0,1.0
llama3_1_8b_instruct,24,name,4823,32183,4,0.011147,1.0,1.0
llama3_1_8b_instruct,24,name,4823,23631,5,0.023871,1.0,1.0
llama3_1_8b_instruct,24,name,4823,30976,6,0.061107,1.0,1.0
llama3_1_8b_instruct,24,name,4823,17073,7,-0.004537,1.0,1.0
llama3_1_8b_instruct,24,name,4823,28601,8,0.073062,1.0,1.0
llama3_1_8b_instruct,24,name,4823,4790,9,0.018565,1.0,1.0
llama3_1_8b_instruct,24,name,4823,12810,10,-0.016566,1.0,1.0
llama3_1_8b_instruct,24,name,4823,25634,11,-0.017369,1.0,1.0
llama3_1_8b_instruct,24,name,4823,12047,12,0.021782,1.0,1.0
llama3_1_8b_instruct,24,name,4823,30808,13,0.046831,1.0,1.0
llama3_1_8b_instruct,24,name,4823,29989,14,0.021002,1.0,1.0
llama3_1_8b_instruct,24,name,4823,14840,15,0.029794,1.0,1.0
llama3_1_8b_instruct,24,name,4823,21537,16,-0.002805,1.0,1.0
llama3_1_8b_instruct,24,name,4823,17717,17,-0.017259,1.0,1.0
llama3_1_8b_instruct,24,name,4823,24865,18,0.010692,1.0,1.0
llama3_1_8b_instruct,24,name,4823,25940,19,0.028104,1.0,1.0
llama3_1_8b_instruct,24,id,25245,3843,0,0.043331,1.0,1.0
llama3_1_8b_instruct,24,id,25245,28972,1,0.039657,1.0,1.0
llama3_1_8b_instruct,24,id,25245,24464,2,0.022852,1.0,1.0
llama3_1_8b_instruct,24,id,25245,27035,3,-0.033563,1.0,1.0
llama3_1_8b_instruct,24,id,25245,12845,4,-0.010573,1.0,1.0
llama3_1_8b_instruct,24,id,25245,28351,5,-0.01066,1.0,1.0
llama3_1_8b_instruct,24,id,25245,1168,6,-0.014978,1.0,1.0
llama3_1_8b_instruct,24,id,25245,6343,7,0.027403,1.0,1.0
llama3_1_8b_instruct,24,id,25245,10513,8,-0.01097,1.0,1.0
llama3_1_8b_instruct,24,id,25245,12586,9,0.003987,1.0,1.0
llama3_1_8b_instruct,24,id,25245,10762,10,0.004636,1.0,1.0
llama3_1_8b_instruct,24,id,25245,27143,11,0.040038,1.0,1.0
llama3_1_8b_instruct,24,id,25245,3168,12,0.042178,1.0,1.0
llama3_1_8b_instruct,24,id,25245,1737,13,0.016668,1.0,1.0
llama3_1_8b_instruct,24,id,25245,9737,14,-0.01534,1.0,1.0
llama3_1_8b_instruct,24,id,25245,24761,15,-0.007251,1.0,1.0
llama3_1_8b_instruct,24,id,25245,16036,16,0.016589,1.0,1.0
llama3_1_8b_instruct,24,id,25245,24713,17,0.021619,1.0,1.0
llama3_1_8b_instruct,24,id,25245,23918,18,0.029697,1.0,1.0
llama3_1_8b_instruct,24,id,25245,1354,19,0.003348,1.0,1.0
llama3_1_8b_instruct,24,phone,5682,11267,0,-0.002512,1.0,1.0
llama3_1_8b_instruct,24,phone,5682,28788,1,-0.011165,1.0,1.0
llama3_1_8b_instruct,24,phone,5682,4506,2,0.040755,1.0,1.0
llama3_1_8b_instruct,24,phone,5682,10486,3,0.003576,1.0,1.0
llama3_1_8b_instruct,24,phone,5682,15577,4,0.001672,1.0,1.0
llama3_1_8b_instruct,24,phone,5682,10203,5,0.007357,1.0,1.0
llama3_1_8b_instruct,24,phone,5682,26381,6,-0.017645,1.0,1.0
llama3_1_8b_instruct,24,phone,5682,13593,7,-0.038748,1.0,1.0
llama3_1_8b_instruct,24,phone,5682,10482,8,-0.009841,1.0,1.0
llama3_1_8b_instruct,24,phone,5682,1715,9,-0.01398,1.0,1.0
llama3_1_8b_instruct,24,phone,5682,12935,10,-0.041061,1.0,1.0
llama3_1_8b_instruct,24,phone,5682,18351,11,0.01281,1.0,1.0
llama3_1_8b_instruct,24,phone,5682,16363,12,0.003576,1.0,1.0
llama3_1_8b_instruct,24,phone,5682,32302,13,-0.00363,1.0,1.0
llama3_1_8b_instruct,24,phone,5682,543,14,0.002608,1.0,1.0
llama3_1_8b_instruct,24,phone,5682,5399,15,-0.008143,1.0,1.0
llama3_1_8b_instruct,24,phone,5682,653,16,-0.026317,1.0,1.0
llama3_1_8b_instruct,24,phone,5682,21570,17,0.02147,1.0,1.0
llama3_1_8b_instruct,24,phone,5682,3133,18,-0.016041,1.0,1.0
llama3_1_8b_instruct,24,phone,5682,19275,19,-0.004552,1.0,1.0
llama3_1_8b_instruct,24,email,26877,21177,0,0.019133,1.0,1.0
llama3_1_8b_instruct,24,email,26877,26572,1,0.010378,1.0,1.0
llama3_1_8b_instruct,24,email,26877,16636,2,-0.029809,1.0,1.0
llama3_1_8b_instruct,24,email,26877,2349,3,0.007995,1.0,1.0
llama3_1_8b_instruct,24,email,26877,27792,4,-0.025354,1.0,1.0
llama3_1_8b_instruct,24,email,26877,4779,5,-0.018539,1.0,1.0
llama3_1_8b_instruct,24,email,26877,9673,6,0.005446,1.0,1.0
llama3_1_8b_instruct,24,email,26877,16124,7,-0.024853,1.0,1.0
llama3_1_8b_instruct,24,email,26877,29770,8,-0.004224,1.0,1.0
llama3_1_8b_instruct,24,email,26877,11141,9,-0.017119,1.0,1.0
llama3_1_8b_instruct,24,email,26877,25218,10,-0.012914,1.0,1.0
llama3_1_8b_instruct,24,email,26877,6507,11,-0.008769,1.0,1.0
llama3_1_8b_instruct,24,email,26877,26032,12,-7.1e-05,1.0,1.0
llama3_1_8b_instruct,24,email,26877,27722,13,0.011687,1.0,1.0
llama3_1_8b_instruct,24,email,26877,12713,14,0.014415,1.0,1.0
llama3_1_8b_instruct,24,email,26877,10162,15,0.013832,1.0,1.0
llama3_1_8b_instruct,24,email,26877,8084,16,-0.017653,1.0,1.0
llama3_1_8b_instruct,24,email,26877,20031,17,-0.026377,1.0,1.0
llama3_1_8b_instruct,24,email,26877,18044,18,0.011262,1.0,1.0
llama3_1_8b_instruct,24,email,26877,9766,19,-0.018626,1.0,1.0
qwen3_8b,9,name,30639,30945,0,0.013432,1.0,1.0
qwen3_8b,9,name,30639,13696,1,-0.001452,1.0,1.0
qwen3_8b,9,name,30639,11998,2,0.01597,1.0,1.0
qwen3_8b,9,name,30639,18798,3,-0.013875,1.0,1.0
qwen3_8b,9,name,30639,26114,4,-0.016458,1.0,1.0
qwen3_8b,9,name,30639,13115,5,0.018488,1.0,1.0
qwen3_8b,9,name,30639,16898,6,-0.017761,1.0,1.0
qwen3_8b,9,name,30639,18606,7,-0.006214,1.0,1.0
qwen3_8b,9,name,30639,17238,8,-0.001343,1.0,1.0
qwen3_8b,9,name,30639,24512,9,0.0221,1.0,1.0
qwen3_8b,9,name,30639,11269,10,-0.007934,1.0,1.0
qwen3_8b,9,name,30639,31657,11,0.012501,1.0,1.0
qwen3_8b,9,name,30639,18919,12,0.00047,1.0,1.0
qwen3_8b,9,name,30639,160,13,0.003556,1.0,1.0
qwen3_8b,9,name,30639,8143,14,0.008953,1.0,1.0
qwen3_8b,9,name,30639,20520,15,0.006507,1.0,1.0
qwen3_8b,9,name,30639,15924,16,0.013216,1.0,1.0
qwen3_8b,9,name,30639,11603,17,0.007235,1.0,1.0
qwen3_8b,9,name,30639,8748,18,0.017381,1.0,1.0
qwen3_8b,9,name,30639,19192,19,0.025171,1.0,1.0
qwen3_8b,9,id,30639,27170,0,0.009347,1.0,1.0
qwen3_8b,9,id,30639,22129,1,0.002202,1.0,1.0
qwen3_8b,9,id,30639,18927,2,-0.008035,1.0,1.0
qwen3_8b,9,id,30639,2922,3,0.017764,1.0,1.0
qwen3_8b,9,id,30639,16494,4,0.014785,1.0,1.0
qwen3_8b,9,id,30639,25917,5,-0.003561,1.0,1.0
qwen3_8b,9,id,30639,9561,6,0.003795,1.0,1.0
qwen3_8b,9,id,30639,12068,7,0.014065,1.0,1.0
qwen3_8b,9,id,30639,23784,8,0.011021,1.0,1.0
qwen3_8b,9,id,30639,12485,9,0.011536,1.0,1.0
qwen3_8b,9,id,30639,15617,10,-0.018232,1.0,1.0
qwen3_8b,9,id,30639,125,11,0.001597,1.0,1.0
qwen3_8b,9,id,30639,19090,12,-0.007399,1.0,1.0
qwen3_8b,9,id,30639,23222,13,-0.012418,1.0,1.0
qwen3_8b,9,id,30639,21004,14,-0.009574,1.0,1.0
qwen3_8b,9,id,30639,2493,15,0.013514,1.0,1.0
qwen3_8b,9,id,30639,5920,16,-0.001682,1.0,1.0
qwen3_8b,9,id,30639,6830,17,0.007297,1.0,1.0
qwen3_8b,9,id,30639,1654,18,-0.013266,1.0,1.0
qwen3_8b,9,id,30639,2566,19,0.017129,1.0,1.0
qwen3_8b,9,phone,30639,31025,0,-0.005161,1.0,1.0
qwen3_8b,9,phone,30639,862,1,0.007674,1.0,1.0
qwen3_8b,9,phone,30639,19138,2,0.022667,1.0,1.0
qwen3_8b,9,phone,30639,2033,3,0.020846,1.0,1.0
qwen3_8b,9,phone,30639,24919,4,-0.016953,1.0,1.0
qwen3_8b,9,phone,30639,5943,5,0.017539,1.0,1.0
qwen3_8b,9,phone,30639,9729,6,-0.003124,1.0,1.0
qwen3_8b,9,phone,30639,2863,7,0.032065,1.0,1.0
qwen3_8b,9,phone,30639,25827,8,-0.003012,1.0,1.0
qwen3_8b,9,phone,30639,2069,9,0.030883,1.0,1.0
qwen3_8b,9,phone,30639,6040,10,-0.011169,1.0,1.0
qwen3_8b,9,phone,30639,2119,11,0.018115,1.0,1.0
qwen3_8b,9,phone,30639,11134,12,-0.012034,1.0,1.0
qwen3_8b,9,phone,30639,12690,13,0.024785,1.0,1.0
qwen3_8b,9,phone,30639,12776,14,0.015073,1.0,1.0
qwen3_8b,9,phone,30639,24236,15,-0.016171,1.0,1.0
qwen3_8b,9,phone,30639,21149,16,-0.008543,1.0,1.0
qwen3_8b,9,phone,30639,14986,17,0.021343,1.0,1.0
qwen3_8b,9,phone,30639,3661,18,0.008656,1.0,1.0
qwen3_8b,9,phone,30639,18815,19,0.002149,1.0,1.0
qwen3_8b,9,email,30639,10820,0,-0.003092,1.0,1.0
qwen3_8b,9,email,30639,7944,1,0.004874,1.0,1.0
qwen3_8b,9,email,30639,27089,2,-0.003218,1.0,1.0
qwen3_8b,9,email,30639,26265,3,0.003031,1.0,1.0
qwen3_8b,9,email,30639,30423,4,-0.00557,1.0,1.0
qwen3_8b,9,email,30639,16681,5,-0.007563,1.0,1.0
qwen3_8b,9,email,30639,6,6,-0.003825,1.0,1.0
qwen3_8b,9,email,30639,16628,7,0.023366,1.0,1.0
qwen3_8b,9,email,30639,1967,8,0.010783,1.0,1.0
qwen3_8b,9,email,30639,26355,9,0.007899,1.0,1.0
qwen3_8b,9,email,30639,29665,10,-0.010911,1.0,1.0
qwen3_8b,9,email,30639,12468,11,0.00419,1.0,1.0
qwen3_8b,9,email,30639,24112,12,0.028458,1.0,1.0
qwen3_8b,9,email,30639,17955,13,0.014506,1.0,1.0
qwen3_8b,9,email,30639,30961,14,0.003911,1.0,1.0
qwen3_8b,9,email,30639,3102,15,-0.000904,1.0,1.0
qwen3_8b,9,email,30639,25181,16,0.005875,1.0,1.0
qwen3_8b,9,email,30639,22424,17,0.006394,1.0,1.0
qwen3_8b,9,email,30639,18371,18,-0.020411,1.0,1.0
qwen3_8b,9,email,30639,27714,19,-0.012662,1.0,1.0
qwen3_8b,18,name,540,26431,0,-0.011518,1.0,1.0
qwen3_8b,18,name,540,9870,1,0.010294,1.0,1.0
qwen3_8b,18,name,540,18060,2,0.018014,1.0,1.0
qwen3_8b,18,name,540,1759,3,0.004306,1.0,1.0
qwen3_8b,18,name,540,16029,4,-0.003576,1.0,1.0
qwen3_8b,18,name,540,17308,5,0.009739,1.0,1.0
qwen3_8b,18,name,540,29960,6,-0.002845,1.0,1.0
qwen3_8b,18,name,540,14293,7,0.01239,1.0,1.0
qwen3_8b,18,name,540,2314,8,-0.004242,1.0,1.0
qwen3_8b,18,name,540,20448,9,0.013792,1.0,1.0
qwen3_8b,18,name,540,18084,10,-0.004732,1.0,1.0
qwen3_8b,18,name,540,20901,11,-0.003856,1.0,1.0
qwen3_8b,18,name,540,14735,12,0.01931,1.0,1.0
qwen3_8b,18,name,540,21518,13,-0.001808,1.0,1.0
qwen3_8b,18,name,540,24633,14,0.017482,1.0,1.0
qwen3_8b,18,name,540,15879,15,-0.003215,1.0,1.0
qwen3_8b,18,name,540,10141,16,0.005244,1.0,1.0
qwen3_8b,18,name,540,21236,17,-0.018636,1.0,1.0
qwen3_8b,18,name,540,11615,18,0.017055,1.0,1.0
qwen3_8b,18,name,540,22838,19,0.009466,1.0,1.0
qwen3_8b,18,id,21146,16073,0,-0.00576,1.0,1.0
qwen3_8b,18,id,21146,26729,1,-0.001798,1.0,1.0
qwen3_8b,18,id,21146,25638,2,0.012046,1.0,1.0
qwen3_8b,18,id,21146,25144,3,0.003616,1.0,1.0
qwen3_8b,18,id,21146,10730,4,-0.002946,1.0,1.0
qwen3_8b,18,id,21146,7431,5,0.006414,1.0,1.0
qwen3_8b,18,id,21146,32065,6,0.003643,1.0,1.0
qwen3_8b,18,id,21146,8199,7,0.005597,1.0,1.0
qwen3_8b,18,id,21146,21173,8,0.003284,1.0,1.0
qwen3_8b,18,id,21146,11880,9,-0.00091,1.0,1.0
qwen3_8b,18,id,21146,13999,10,-0.01033,1.0,1.0
qwen3_8b,18,id,21146,9805,11,0.004323,1.0,1.0
qwen3_8b,18,id,21146,10918,12,0.008939,1.0,1.0
qwen3_8b,18,id,21146,10875,13,0.004506,1.0,1.0
qwen3_8b,18,id,21146,19157,14,0.001295,1.0,1.0
qwen3_8b,18,id,21146,13516,15,0.012409,1.0,1.0
qwen3_8b,18,id,21146,6993,16,0.014405,1.0,1.0
qwen3_8b,18,id,21146,26506,17,0.001949,1.0,1.0
qwen3_8b,18,id,21146,9546,18,0.037373,1.0,1.0
qwen3_8b,18,id,21146,15363,19,0.007047,1.0,1.0
qwen3_8b,18,phone,21146,25829,0,-0.005432,1.0,1.0
qwen3_8b,18,phone,21146,12617,1,-0.001039,1.0,1.0
qwen3_8b,18,phone,21146,7178,2,0.002019,1.0,1.0
qwen3_8b,18,phone,21146,5814,3,0.000301,1.0,1.0
qwen3_8b,18,phone,21146,2347,4,-0.009596,1.0,1.0
qwen3_8b,18,phone,21146,27657,5,-0.006791,1.0,1.0
qwen3_8b,18,phone,21146,30009,6,0.001116,1.0,1.0
qwen3_8b,18,phone,21146,26494,7,-0.002239,1.0,1.0
qwen3_8b,18,phone,21146,22171,8,-0.005908,1.0,1.0
qwen3_8b,18,phone,21146,22725,9,0.005387,1.0,1.0
qwen3_8b,18,phone,21146,13471,10,0.01329,1.0,1.0
qwen3_8b,18,phone,21146,29316,11,-0.005759,1.0,1.0
qwen3_8b,18,phone,21146,19532,12,0.002572,1.0,1.0
qwen3_8b,18,phone,21146,8686,13,-0.002985,1.0,1.0
qwen3_8b,18,phone,21146,20400,14,0.008636,1.0,1.0
qwen3_8b,18,phone,21146,24228,15,0.002999,1.0,1.0
qwen3_8b,18,phone,21146,22495,16,0.000459,1.0,1.0
qwen3_8b,18,phone,21146,29694,17,0.004065,1.0,1.0
qwen3_8b,18,phone,21146,25780,18,-0.005446,1.0,1.0
qwen3_8b,18,phone,21146,11949,19,-0.015786,1.0,1.0
qwen3_8b,18,email,21146,28914,0,-0.010858,1.0,1.0
qwen3_8b,18,email,21146,11638,1,0.00425,1.0,1.0
qwen3_8b,18,email,21146,5947,2,0.003319,1.0,1.0
qwen3_8b,18,email,21146,1700,3,0.004027,1.0,1.0
qwen3_8b,18,email,21146,12021,4,-0.010067,1.0,1.0
qwen3_8b,18,email,21146,14111,5,0.006522,1.0,1.0
qwen3_8b,18,email,21146,4917,6,0.014465,1.0,1.0
qwen3_8b,18,email,21146,19563,7,0.002526,1.0,1.0
qwen3_8b,18,email,21146,2414,8,0.024603,1.0,1.0
qwen3_8b,18,email,21146,24780,9,-4.2e-05,1.0,1.0
qwen3_8b,18,email,21146,7925,10,0.000586,1.0,1.0
qwen3_8b,18,email,21146,13251,11,-0.003119,1.0,1.0
qwen3_8b,18,email,21146,12293,12,0.004867,1.0,1.0
qwen3_8b,18,email,21146,14803,13,0.010778,1.0,1.0
qwen3_8b,18,email,21146,30624,14,0.005557,1.0,1.0
qwen3_8b,18,email,21146,31131,15,-0.007119,1.0,1.0
qwen3_8b,18,email,21146,16538,16,-0.004792,1.0,1.0
qwen3_8b,18,email,21146,2280,17,0.004612,1.0,1.0
qwen3_8b,18,email,21146,25488,18,0.002095,1.0,1.0
qwen3_8b,18,email,21146,18183,19,-0.007413,1.0,1.0
qwen3_8b,27,name,27259,13628,0,-0.014025,1.0,1.0
qwen3_8b,27,name,27259,30992,1,0.024637,1.0,1.0
qwen3_8b,27,name,27259,27645,2,0.06954,1.0,1.0
qwen3_8b,27,name,27259,11057,3,0.021689,1.0,1.0
qwen3_8b,27,name,27259,19151,4,0.026131,1.0,1.0
qwen3_8b,27,name,27259,16274,5,0.018155,1.0,1.0
qwen3_8b,27,name,27259,1608,6,0.007899,1.0,1.0
qwen3_8b,27,name,27259,8328,7,0.003968,1.0,1.0
qwen3_8b,27,name,27259,345,8,-0.01407,1.0,1.0
qwen3_8b,27,name,27259,9246,9,0.009406,1.0,1.0
qwen3_8b,27,name,27259,25170,10,-0.026036,1.0,1.0
qwen3_8b,27,name,27259,17396,11,0.04421,1.0,1.0
qwen3_8b,27,name,27259,15143,12,-0.012627,1.0,1.0
qwen3_8b,27,name,27259,20909,13,0.045802,1.0,1.0
qwen3_8b,27,name,27259,26150,14,0.005792,1.0,1.0
qwen3_8b,27,name,27259,4733,15,0.026977,1.0,1.0
qwen3_8b,27,name,27259,18031,16,0.03162,1.0,1.0
qwen3_8b,27,name,27259,27090,17,0.020455,1.0,1.0
qwen3_8b,27,name,27259,31182,18,-0.003077,1.0,1.0
qwen3_8b,27,name,27259,10065,19,0.015822,1.0,1.0
qwen3_8b,27,id,10595,7380,0,0.225829,1.0,1.0
qwen3_8b,27,id,10595,6857,1,0.135317,1.0,1.0
qwen3_8b,27,id,10595,27401,2,-0.013637,1.0,1.0
qwen3_8b,27,id,10595,24396,3,0.047856,1.0,1.0
qwen3_8b,27,id,10595,15865,4,0.049911,1.0,1.0
qwen3_8b,27,id,10595,32115,5,0.000415,1.0,1.0
qwen3_8b,27,id,10595,4296,6,-0.004245,1.0,1.0
qwen3_8b,27,id,10595,26706,7,0.004163,1.0,1.0
qwen3_8b,27,id,10595,18528,8,-0.022534,1.0,1.0
qwen3_8b,27,id,10595,26863,9,-0.016298,1.0,1.0
qwen3_8b,27,id,10595,29606,10,0.005786,1.0,1.0
qwen3_8b,27,id,10595,29202,11,0.01944,1.0,1.0
qwen3_8b,27,id,10595,25801,12,0.046329,1.0,1.0
qwen3_8b,27,id,10595,25772,13,0.007215,1.0,1.0
qwen3_8b,27,id,10595,19189,14,0.078022,1.0,1.0
qwen3_8b,27,id,10595,18347,15,0.01751,1.0,1.0
qwen3_8b,27,id,10595,3010,16,0.065652,1.0,1.0
qwen3_8b,27,id,10595,28308,17,0.006035,1.0,1.0
qwen3_8b,27,id,10595,21927,18,0.108875,1.0,1.0
qwen3_8b,27,id,10595,7764,19,0.022261,1.0,1.0
qwen3_8b,27,phone,17828,9785,0,0.076973,1.0,1.0
qwen3_8b,27,phone,17828,727,1,0.016494,1.0,1.0
qwen3_8b,27,phone,17828,10688,2,-0.003416,1.0,1.0
qwen3_8b,27,phone,17828,30379,3,0.008516,1.0,1.0
qwen3_8b,27,phone,17828,12452,4,0.029475,1.0,1.0
qwen3_8b,27,phone,17828,24676,5,0.055951,1.0,1.0
qwen3_8b,27,phone,17828,1313,6,-0.002524,1.0,1.0
qwen3_8b,27,phone,17828,6711,7,0.001946,1.0,1.0
qwen3_8b,27,phone,17828,27693,8,0.026007,1.0,1.0
qwen3_8b,27,phone,17828,26411,9,0.010846,1.0,1.0
qwen3_8b,27,phone,17828,10012,10,0.046995,1.0,1.0
qwen3_8b,27,phone,17828,11554,11,0.047759,1.0,1.0
qwen3_8b,27,phone,17828,4491,12,0.020618,1.0,1.0
qwen3_8b,27,phone,17828,27227,13,0.027681,1.0,1.0
qwen3_8b,27,phone,17828,30918,14,0.050215,1.0,1.0
qwen3_8b,27,phone,17828,32431,15,0.01502,1.0,1.0
qwen3_8b,27,phone,17828,30298,16,0.000468,1.0,1.0
qwen3_8b,27,phone,17828,28224,17,0.02418,1.0,1.0
qwen3_8b,27,phone,17828,21751,18,0.134773,1.0,1.0
qwen3_8b,27,phone,17828,2137,19,0.022589,1.0,1.0
qwen3_8b,27,email,5037,8922,0,0.037306,1.0,1.0
qwen3_8b,27,email,5037,19948,1,0.033146,1.0,1.0
qwen3_8b,27,email,5037,25908,2,0.049236,1.0,1.0
qwen3_8b,27,email,5037,11695,3,0.038873,1.0,1.0
qwen3_8b,27,email,5037,231,4,0.005255,1.0,1.0
qwen3_8b,27,email,5037,30691,5,0.0165,1.0,1.0
qwen3_8b,27,email,5037,25016,6,-0.000604,1.0,1.0
qwen3_8b,27,email,5037,2931,7,0.016832,1.0,1.0
qwen3_8b,27,email,5037,24084,8,0.029301,1.0,1.0
qwen3_8b,27,email,5037,3906,9,0.06663,1.0,1.0
qwen3_8b,27,email,5037,8774,10,0.002039,1.0,1.0
qwen3_8b,27,email,5037,9348,11,0.047734,1.0,1.0
qwen3_8b,27,email,5037,26046,12,0.061057,1.0,1.0
qwen3_8b,27,email,5037,23425,13,0.003165,1.0,1.0
qwen3_8b,27,email,5037,9821,14,0.016311,1.0,1.0
qwen3_8b,27,email,5037,14796,15,0.016467,1.0,1.0
qwen3_8b,27,email,5037,2197,16,0.045111,1.0,1.0
qwen3_8b,27,email,5037,3786,17,0.007887,1.0,1.0
qwen3_8b,27,email,5037,8247,18,-0.037936,1.0,1.0
qwen3_8b,27,email,5037,6245,19,0.012188,1.0,1.0
